{"cameraMode":{"drawMode":0,"name":"Shaded","section":"Shading Mode"},"sceneLighting":false,"audioPlay":false,"sceneViewState":{"m_AlwaysRefresh":false,"showFog":true,"showSkybox":true,"showFlares":true,"showImageEffects":true,"showParticleSystems":true,"showVisualEffectGraphs":true,"m_FxEnabled":true},"in2DMode":false,"pivot":{"x":0.575697660446167,"y":0.35805749893188479,"z":-1.5048348903656006},"rotation":{"x":-0.19958382844924928,"y":0.027922825887799264,"z":-0.0056715854443609718,"w":-0.9794955849647522},"size":1.3034666776657105,"orthographic":false}