{"cameraMode":{"drawMode":0,"name":"Shaded","section":"Shading Mode"},"sceneLighting":false,"audioPlay":false,"sceneViewState":{"m_AlwaysRefresh":false,"showFog":true,"showSkybox":true,"showFlares":true,"showImageEffects":true,"showParticleSystems":true,"showVisualEffectGraphs":true,"m_FxEnabled":true},"in2DMode":false,"pivot":{"x":1.0297822952270508,"y":-0.5292589068412781,"z":-0.8457267880439758},"rotation":{"x":-0.19958382844924928,"y":0.027922825887799264,"z":-0.0056715854443609718,"w":-0.9794955849647522},"size":1.7503881454467774,"orthographic":false}